t;T;T
[s];[°C];[°C]
;;
0;275,7;275,7
1;275,7;275,7
2;277,4;277,4
3;277,4;277,4
4;276,4;276,4
5;276,4;276,4
6;277,8;277,8
7;277,8;277,8
8;278,5;278,5
9;278,5;278,5
10;278,5;278,5
11;278,5;278,5
12;278,8;278,8
13;278,8;278,8
14;278,8;278,8
15;278,8;278,8
16;279,5;279,5
17;279,5;279,5
18;278,8;278,8
19;278,8;278,8
20;278,8;278,8
21;278,8;278,8
22;278,8;278,8
23;278,8;278,8
24;278,5;278,5
25;278,5;278,5
26;278,8;278,8
27;278,8;278,8
28;278,5;278,5
29;278,5;278,5
30;278,5;278,5
31;278,5;278,5
32;278,1;278,1
33;278,1;278,1
34;277,8;277,8
35;277,8;277,8
36;277,8;277,8
37;277,8;277,8
38;277,4;277,4
39;277,4;277,4
40;277,1;277,1
41;277,1;277,1
42;277,1;277,1
43;277,1;277,1
44;276,7;276,7
45;276,7;276,7
46;276,7;276,7
47;276,7;276,7
48;276,7;276,7
49;276,7;276,7
50;276,4;276,4
51;276,4;276,4
52;276;276
53;276;276
54;276;276
55;276;276
56;275,3;275,3
57;275,3;275,3
58;275;275
59;275;275
60;275;275
61;275;275
62;274,6;274,6
63;274,6;274,6
64;274,3;274,3
65;274,3;274,3
66;273,6;273,6
67;273,6;273,6
68;273,6;273,6
69;273,6;273,6
70;273,2;273,2
71;273,2;273,2
72;272,9;272,9
73;272,9;272,9
74;272,5;272,5
75;272,5;272,5
76;272,2;272,2
77;272,2;272,2
78;271,5;271,5
79;271,5;271,5
80;271,1;271,1
81;271,1;271,1
82;271,1;271,1
83;271,1;271,1
84;270,8;270,8
85;270,8;270,8
86;270,1;270,1
87;270,1;270,1
88;269,7;269,7
89;269,7;269,7
90;269,4;269,4
91;269,4;269,4
92;269,4;269,4
93;269,4;269,4
94;269;269
95;269;269
96;268,3;268,3
97;268,3;268,3
98;268;268
99;268;268
100;267,6;267,6
101;267,6;267,6
102;267,6;267,6
103;267,6;267,6
104;266,9;266,9
105;266,9;266,9
106;266,6;266,6
107;266,6;266,6
108;265,9;265,9
109;265,9;265,9
110;265,9;265,9
111;265,9;265,9
112;265,2;265,2
113;265,2;265,2
114;264,8;264,8
115;264,8;264,8
116;264,5;264,5
117;264,5;264,5
118;264,1;264,1
119;264,1;264,1
120;263,8;263,8
121;263,8;263,8
122;263,8;263,8
123;263,8;263,8
124;263,1;263,1
125;263,1;263,1
126;262,4;262,4
127;262,4;262,4
128;262,4;262,4
129;262,4;262,4
130;262;262
131;262;262
132;261,3;261,3
133;261,3;261,3
134;260,9;260,9
135;260,9;260,9
136;260,9;260,9
137;260,9;260,9
138;260,6;260,6
139;260,6;260,6
140;259,9;259,9
141;259,9;259,9
142;260,2;260,2
143;260,2;260,2
144;259,5;259,5
145;259,5;259,5
146;259,2;259,2
147;259,2;259,2
148;258,8;258,8
149;258,8;258,8
150;258,5;258,5
151;258,5;258,5
152;257,8;257,8
153;257,8;257,8
154;257,4;257,4
155;257,4;257,4
156;257,1;257,1
157;257,1;257,1
158;256,7;256,7
159;256,7;256,7
160;256;256
161;256;256
162;255,6;255,6
163;255,6;255,6
164;255,3;255,3
165;255,3;255,3
166;254,9;254,9
167;254,9;254,9
168;254,9;254,9
169;254,9;254,9
170;254,2;254,2
171;254,2;254,2
172;253,9;253,9
173;253,9;253,9
174;253,5;253,5
175;253,5;253,5
176;253,5;253,5
177;253,5;253,5
178;253,2;253,2
179;253,2;253,2
180;252,5;252,5
181;252,5;252,5
182;252,5;252,5
183;252,5;252,5
184;251,7;251,7
185;251,7;251,7
186;251,4;251,4
187;251,4;251,4
188;250,7;250,7
189;250,7;250,7
190;250,3;250,3
191;250,3;250,3
192;250,3;250,3
193;250,3;250,3
194;250;250
195;250;250
196;249,6;249,6
197;249,6;249,6
198;249,6;249,6
199;249,6;249,6
200;248,9;248,9
201;248,9;248,9
202;248,6;248,6
203;248,6;248,6
204;247,8;247,8
205;247,8;247,8
206;247,1;247,1
207;247,1;247,1
208;247,1;247,1
209;247,1;247,1
210;246,8;246,8
211;246,8;246,8
212;246,4;246,4
213;246,4;246,4
214;246,1;246,1
215;246,1;246,1
216;246,1;246,1
217;246,1;246,1
218;245,4;245,4
219;245,4;245,4
220;245,4;245,4
221;245,4;245,4
222;244,7;244,7
223;244,7;244,7
224;244,7;244,7
225;244,7;244,7
226;243,9;243,9
227;243,9;243,9
228;243,2;243,2
229;243,2;243,2
230;242,9;242,9
231;242,9;242,9
232;242,9;242,9
233;242,9;242,9
234;242,5;242,5
235;242,5;242,5
236;241,8;241,8
237;241,8;241,8
238;241,5;241,5
239;241,5;241,5
240;241,5;241,5
241;241,5;241,5
242;241,1;241,1
243;241,1;241,1
244;240,7;240,7
245;240,7;240,7
246;240;240
247;240;240
248;239,7;239,7
249;239,7;239,7
250;239,7;239,7
251;239,7;239,7
252;239,3;239,3
253;239,3;239,3
254;239;239
255;239;239
256;238,2;238,2
257;238,2;238,2
258;237,9;237,9
259;237,9;237,9
260;237,5;237,5
261;237,5;237,5
262;237,5;237,5
263;237,5;237,5
264;237,2;237,2
265;237,2;237,2
266;236,8;236,8
267;236,8;236,8
268;236,5;236,5
269;236,5;236,5
270;235,8;235,8
271;235,8;235,8
272;235,8;235,8
273;235,8;235,8
274;235,4;235,4
275;235,4;235,4
276;234,7;234,7
277;234,7;234,7
278;234,3;234,3
279;234,3;234,3
280;234;234
281;234;234
282;234;234
283;234;234
284;234;234
285;234;234
286;233,3;233,3
287;233,3;233,3
288;232,9;232,9
289;232,9;232,9
290;232,5;232,5
291;232,5;232,5
292;232,9;232,9
293;232,9;232,9
294;232,2;232,2
295;232,2;232,2
296;231,8;231,8
297;231,8;231,8
298;231,5;231,5
299;231,5;231,5
300;231,1;231,1
301;231,1;231,1
302;230,8;230,8
303;230,8;230,8
304;230,4;230,4
305;230,4;230,4
306;230,4;230,4
307;230,4;230,4
308;230;230
309;230;230
310;230;230
311;230;230
312;229,3;229,3
313;229,3;229,3
314;229;229
315;229;229
316;229;229
317;229;229
318;228,3;228,3
319;228,3;228,3
320;227,5;227,5
321;227,5;227,5
322;227,5;227,5
323;227,5;227,5
324;226,8;226,8
325;226,8;226,8
326;226,8;226,8
327;226,8;226,8
328;226,5;226,5
329;226,5;226,5
330;226,1;226,1
331;226,1;226,1
332;225,7;225,7
333;225,7;225,7
334;225,4;225,4
335;225,4;225,4
336;225,4;225,4
337;225,4;225,4
338;225,4;225,4
339;225,4;225,4
340;225;225
341;225;225
342;224,7;224,7
343;224,7;224,7
344;224,3;224,3
345;224,3;224,3
346;224;224
347;224;224
348;223,2;223,2
349;223,2;223,2
350;223,2;223,2
351;223,2;223,2
352;222,9;222,9
353;222,9;222,9
354;222,2;222,2
355;222,2;222,2
356;222,2;222,2
357;222,2;222,2
358;222,2;222,2
359;222,2;222,2
360;221,5;221,5
361;221,5;221,5
362;221,5;221,5
363;221,5;221,5
364;221,1;221,1
365;221,1;221,1
366;220,7;220,7
367;220,7;220,7
368;220,4;220,4
369;220,4;220,4
370;220,4;220,4
371;220,4;220,4
372;219,7;219,7
373;219,7;219,7
374;219,7;219,7
375;219,7;219,7
376;219,7;219,7
377;219,7;219,7
378;219,3;219,3
379;219,3;219,3
380;219,3;219,3
381;219,3;219,3
382;218,2;218,2
383;218,2;218,2
384;218,2;218,2
385;218,2;218,2
386;217,9;217,9
387;217,9;217,9
388;217,5;217,5
389;217,5;217,5
390;217,5;217,5
391;217,5;217,5
392;216,8;216,8
393;216,8;216,8
394;216,8;216,8
395;216,8;216,8
396;216,4;216,4
397;216,4;216,4
398;216,1;216,1
399;216,1;216,1
400;215,7;215,7
401;215,7;215,7
402;215,4;215,4
403;215,4;215,4
404;215;215
405;215;215
406;214,6;214,6
407;214,6;214,6
408;215;215
409;215;215
410;214,3;214,3
411;214,3;214,3
412;214,3;214,3
413;214,3;214,3
414;213,6;213,6
415;213,6;213,6
416;213,9;213,9
417;213,9;213,9
418;212,8;212,8
419;212,8;212,8
420;213,2;213,2
421;213,2;213,2
422;212,9;212,9
423;212,9;212,9
424;212,5;212,5
425;212,5;212,5
426;212,1;212,1
427;212,1;212,1
428;211;211
429;211;211
430;211,1;211,1
431;211,1;211,1
432;210,7;210,7
433;210,7;210,7
434;210,3;210,3
435;210,3;210,3
436;210,3;210,3
437;210,3;210,3
438;209,6;209,6
439;209,6;209,6
440;209,6;209,6
441;209,6;209,6
442;208,9;208,9
443;208,9;208,9
444;208,9;208,9
445;208,9;208,9
446;208,9;208,9
447;208,9;208,9
448;208,5;208,5
449;208,5;208,5
450;207,8;207,8
451;207,8;207,8
452;207,8;207,8
453;207,8;207,8
454;207,1;207,1
455;207,1;207,1
456;207,5;207,5
457;207,5;207,5
458;207,1;207,1
459;207,1;207,1
460;206,7;206,7
461;206,7;206,7
462;206,4;206,4
463;206,4;206,4
464;206;206
465;206;206
466;205,3;205,3
467;205,3;205,3
468;205,3;205,3
469;205,3;205,3
470;205,3;205,3
471;205,3;205,3
472;205,3;205,3
473;205,3;205,3
474;205;205
475;205;205
476;204,6;204,6
477;204,6;204,6
478;204,2;204,2
479;204,2;204,2
480;204,2;204,2
481;204,2;204,2
482;203,9;203,9
483;203,9;203,9
484;203,5;203,5
485;203,5;203,5
486;203,5;203,5
487;203,5;203,5
488;203,5;203,5
489;203,5;203,5
490;202,4;202,4
491;202,4;202,4
492;202,8;202,8
493;202,8;202,8
494;202,1;202,1
495;202,1;202,1
496;201,7;201,7
497;201,7;201,7
498;201,7;201,7
499;201,7;201,7
500;201,3;201,3
501;201,3;201,3
502;200,6;200,6
503;200,6;200,6
504;200,6;200,6
505;200,6;200,6
506;200,2;200,2
507;200,2;200,2
508;199,9;199,9
509;199,9;199,9
510;199,9;199,9
511;199,9;199,9
512;199,5;199,5
513;199,5;199,5
514;199,2;199,2
515;199,2;199,2
516;199,2;199,2
517;199,2;199,2
518;198,8;198,8
519;198,8;198,8
520;198,8;198,8
521;198,8;198,8
522;198,5;198,5
523;198,5;198,5
524;198,1;198,1
525;198,1;198,1
526;198,1;198,1
527;198,1;198,1
528;197,7;197,7
529;197,7;197,7
530;197;197
531;197;197
532;197;197
533;197;197
534;196,7;196,7
535;196,7;196,7
536;196,7;196,7
537;196,7;196,7
538;196,3;196,3
539;196,3;196,3
540;196,3;196,3
541;196,3;196,3
542;195,9;195,9
543;195,9;195,9
544;195,9;195,9
545;195,9;195,9
546;195,2;195,2
547;195,2;195,2
548;195,2;195,2
549;195,2;195,2
550;194,5;194,5
551;194,5;194,5
552;194,5;194,5
553;194,5;194,5
554;194,1;194,1
555;194,1;194,1
556;194,1;194,1
557;194,1;194,1
558;193,4;193,4
559;193,4;193,4
560;193,4;193,4
561;193,4;193,4
562;193,1;193,1
563;193,1;193,1
564;193,1;193,1
565;193,1;193,1
566;192,7;192,7
567;192,7;192,7
568;192,7;192,7
569;192,7;192,7
570;192,4;192,4
571;192,4;192,4
572;191,9;191,9
573;191,9;191,9
574;191,6;191,6
575;191,6;191,6
576;191,6;191,6
577;191,6;191,6
578;190,9;190,9
579;190,9;190,9
580;190,9;190,9
581;190,9;190,9
582;190,5;190,5
583;190,5;190,5
584;190,5;190,5
585;190,5;190,5
586;190,5;190,5
587;190,5;190,5
588;189,8;189,8
589;189,8;189,8
590;189,5;189,5
591;189,5;189,5
592;189,5;189,5
593;189,5;189,5
594;189,4;189,4
595;189,4;189,4
596;189,1;189,1
597;189,1;189,1
598;188,7;188,7
599;188,7;188,7
600;188,4;188,4
601;188,4;188,4
602;188;188
603;188;188
604;188;188
605;188;188
606;188;188
607;188;188
608;187,6;187,6
609;187,6;187,6
610;187,3;187,3
611;187,3;187,3
612;186,9;186,9
613;186,9;186,9
614;186,6;186,6
615;186,6;186,6
616;186,9;186,9
617;186,9;186,9
618;186,2;186,2
619;186,2;186,2
620;186,2;186,2
621;186,2;186,2
622;185,5;185,5
623;185,5;185,5
624;185,5;185,5
625;185,5;185,5
626;185,1;185,1
627;185,1;185,1
628;185,1;185,1
629;185,1;185,1
630;184,8;184,8
631;184,8;184,8
632;184,4;184,4
633;184,4;184,4
634;184;184
635;184;184
636;184;184
637;184;184
638;183,7;183,7
639;183,7;183,7
640;183,7;183,7
641;183,7;183,7
642;183;183
643;183;183
644;183,3;183,3
645;183,3;183,3
646;183,3;183,3
647;183,3;183,3
648;182,6;182,6
649;182,6;182,6
650;182,3;182,3
651;182,3;182,3
652;182,2;182,2
653;182,2;182,2
654;181,9;181,9
655;181,9;181,9
656;181,5;181,5
657;181,5;181,5
658;181,1;181,1
659;181,1;181,1
660;181,2;181,2
661;181,2;181,2
662;180,4;180,4
663;180,4;180,4
664;180,8;180,8
665;180,8;180,8
666;180;180
667;180;180
668;180,1;180,1
669;180,1;180,1
670;179,7;179,7
671;179,7;179,7
672;179,3;179,3
673;179,3;179,3
674;179,4;179,4
675;179,4;179,4
676;178,6;178,6
677;178,6;178,6
678;178,3;178,3
679;178,3;178,3
680;178,3;178,3
681;178,3;178,3
682;178,2;178,2
683;178,2;178,2
684;177,5;177,5
685;177,5;177,5
686;177,6;177,6
687;177,6;177,6
688;177,2;177,2
689;177,2;177,2
690;177,2;177,2
691;177,2;177,2
692;176,5;176,5
693;176,5;176,5
694;176,5;176,5
695;176,5;176,5
696;176,5;176,5
697;176,5;176,5
698;176,4;176,4
699;176,4;176,4
700;176,4;176,4
701;176,4;176,4
702;175,7;175,7
703;175,7;175,7
704;175,4;175,4
705;175,4;175,4
706;175,4;175,4
707;175,4;175,4
708;175;175
709;175;175
710;175;175
711;175;175
712;175;175
713;175;175
714;174,6;174,6
715;174,6;174,6
716;174,6;174,6
717;174,6;174,6
718;173,9;173,9
719;173,9;173,9
720;173,6;173,6
721;173,6;173,6
722;173,6;173,6
723;173,6;173,6
724;173,2;173,2
725;173,2;173,2
726;173,2;173,2
727;173,2;173,2
728;172,8;172,8
729;172,8;172,8
730;172,8;172,8
731;172,8;172,8
732;172,5;172,5
733;172,5;172,5
734;172,1;172,1
735;172,1;172,1
736;171,8;171,8
737;171,8;171,8
738;171,8;171,8
739;171,8;171,8
740;171,8;171,8
741;171,8;171,8
742;171;171
743;171;171
744;171,1;171,1
745;171,1;171,1
746;171;171
747;171;171
748;170,7;170,7
749;170,7;170,7
750;170,3;170,3
751;170,3;170,3
752;170;170
753;170;170
754;170;170
755;170;170
756;169,2;169,2
757;169,2;169,2
758;169,2;169,2
759;169,2;169,2
760;169,2;169,2
761;169,2;169,2
762;169,2;169,2
763;169,2;169,2
764;169,2;169,2
765;169,2;169,2
766;168,9;168,9
767;168,9;168,9
768;168,5;168,5
769;168,5;168,5
770;168,1;168,1
771;168,1;168,1
772;167,8;167,8
773;167,8;167,8
774;167,8;167,8
775;167,8;167,8
776;167,8;167,8
777;167,8;167,8
778;167,4;167,4
779;167,4;167,4
780;167,4;167,4
781;167,4;167,4
782;167,1;167,1
783;167,1;167,1
784;166,7;166,7
785;166,7;166,7
786;166,3;166,3
787;166,3;166,3
788;166,3;166,3
789;166,3;166,3
790;166;166
791;166;166
792;165,6;165,6
793;165,6;165,6
794;165,6;165,6
795;165,6;165,6
796;165,6;165,6
797;165,6;165,6
798;165,3;165,3
799;165,3;165,3
800;164,9;164,9
801;164,9;164,9
802;164,6;164,6
803;164,6;164,6
804;164,2;164,2
805;164,2;164,2
806;164,2;164,2
807;164,2;164,2
808;164,2;164,2
809;164,2;164,2
810;163,8;163,8
811;163,8;163,8
812;163,8;163,8
813;163,8;163,8
814;163,5;163,5
815;163,5;163,5
816;163,1;163,1
817;163,1;163,1
818;162,8;162,8
819;162,8;162,8
820;162,8;162,8
821;162,8;162,8
822;162,4;162,4
823;162,4;162,4
824;162,4;162,4
825;162,4;162,4
826;162;162
827;162;162
828;162;162
829;162;162
830;162;162
831;162;162
832;162;162
833;162;162
834;161,7;161,7
835;161,7;161,7
836;161,7;161,7
837;161,7;161,7
838;161;161
839;161;161
840;161;161
841;161;161
842;160,6;160,6
843;160,6;160,6
844;160,6;160,6
845;160,6;160,6
846;160,6;160,6
847;160,6;160,6
848;160,2;160,2
849;160,2;160,2
850;160,2;160,2
851;160,2;160,2
852;160,2;160,2
853;160,2;160,2
854;159,5;159,5
855;159,5;159,5
856;159,5;159,5
857;159,5;159,5
858;159,2;159,2
859;159,2;159,2
860;159,2;159,2
861;159,2;159,2
862;158,8;158,8
863;158,8;158,8
864;158,8;158,8
865;158,8;158,8
866;158,4;158,4
867;158,4;158,4
868;158,4;158,4
869;158,4;158,4
870;157,7;157,7
871;157,7;157,7
872;157,7;157,7
873;157,7;157,7
874;157,4;157,4
875;157,4;157,4
876;157,4;157,4
877;157,4;157,4
878;157;157
879;157;157
880;156,6;156,6
881;156,6;156,6
882;156,6;156,6
883;156,6;156,6
884;157;157
885;157;157
886;156,3;156,3
887;156,3;156,3
888;156,6;156,6
889;156,6;156,6
890;156,3;156,3
891;156,3;156,3
892;155,6;155,6
893;155,6;155,6
894;155,6;155,6
895;155,6;155,6
896;155,6;155,6
897;155,6;155,6
898;155,2;155,2
899;155,2;155,2
900;154,9;154,9
901;154,9;154,9
902;154,9;154,9
903;154,9;154,9
904;154,9;154,9
905;154,9;154,9
906;154,5;154,5
907;154,5;154,5
908;154,5;154,5
909;154,5;154,5
910;154,1;154,1
911;154,1;154,1
912;153,8;153,8
913;153,8;153,8
914;153,4;153,4
915;153,4;153,4
916;153,4;153,4
917;153,4;153,4
918;153,4;153,4
919;153,4;153,4
920;153,1;153,1
921;153,1;153,1
922;152,7;152,7
923;152,7;152,7
924;152,7;152,7
925;152,7;152,7
926;152,3;152,3
927;152,3;152,3
928;152,3;152,3
929;152,3;152,3
930;152,3;152,3
931;152,3;152,3
932;151,6;151,6
933;151,6;151,6
934;151,3;151,3
935;151,3;151,3
936;151,6;151,6
937;151,6;151,6
938;151,3;151,3
939;151,3;151,3
940;151,3;151,3
941;151,3;151,3
942;150,9;150,9
943;150,9;150,9
944;150,9;150,9
945;150,9;150,9
946;150,5;150,5
947;150,5;150,5
948;150,5;150,5
949;150,5;150,5
950;150,2;150,2
951;150,2;150,2
952;150,2;150,2
953;150,2;150,2
954;149,8;149,8
955;149,8;149,8
956;149,5;149,5
957;149,5;149,5
958;149,5;149,5
959;149,5;149,5
960;149,5;149,5
961;149,5;149,5
962;149,1;149,1
963;149,1;149,1
964;148,8;148,8
965;148,8;148,8
966;149,1;149,1
967;149,1;149,1
968;148,4;148,4
969;148,4;148,4
970;148,4;148,4
971;148,4;148,4
972;148,4;148,4
973;148,4;148,4
974;147,7;147,7
975;147,7;147,7
976;147,7;147,7
977;147,7;147,7
978;147,7;147,7
979;147,7;147,7
980;147,7;147,7
981;147,7;147,7
982;147,7;147,7
983;147,7;147,7
984;147,3;147,3
985;147,3;147,3
986;147,3;147,3
987;147,3;147,3
988;147;147
989;147;147
990;147,3;147,3
991;147,3;147,3
992;146,6;146,6
993;146,6;146,6
994;146,3;146,3
995;146,3;146,3
996;146,3;146,3
997;146,3;146,3
998;146,3;146,3
999;146,3;146,3
1000;146,3;146,3
1001;146,3;146,3
1002;145,9;145,9
1003;145,9;145,9
1004;145,9;145,9
1005;145,9;145,9
1006;145,5;145,5
1007;145,5;145,5
1008;145,6;145,6
1009;145,6;145,6
1010;145,2;145,2
1011;145,2;145,2
1012;144,9;144,9
1013;144,9;144,9
1014;144,8;144,8
1015;144,8;144,8
1016;144,8;144,8
1017;144,8;144,8
1018;144,5;144,5
1019;144,5;144,5
1020;144,1;144,1
1021;144,1;144,1
1022;144,1;144,1
1023;144,1;144,1
1024;144,1;144,1
1025;144,1;144,1
1026;143,8;143,8
1027;143,8;143,8
1028;143,8;143,8
1029;143,8;143,8
1030;143,8;143,8
1031;143,8;143,8
1032;143,8;143,8
1033;143,8;143,8
1034;143,1;143,1
1035;143,1;143,1
1036;142,7;142,7
1037;142,7;142,7
1038;142,7;142,7
1039;142,7;142,7
1040;142,7;142,7
1041;142,7;142,7
1042;142,4;142,4
1043;142,4;142,4
1044;142,4;142,4
1045;142,4;142,4
1046;142;142
1047;142;142
1048;142,3;142,3
1049;142,3;142,3
1050;141,3;141,3
1051;141,3;141,3
1052;141,7;141,7
1053;141,7;141,7
1054;141,3;141,3
1055;141,3;141,3
1056;140,9;140,9
1057;140,9;140,9
1058;141,3;141,3
1059;141,3;141,3
1060;140,6;140,6
1061;140,6;140,6
1062;140,6;140,6
1063;140,6;140,6
1064;140,6;140,6
1065;140,6;140,6
1066;140,6;140,6
1067;140,6;140,6
1068;140,2;140,2
1069;140,2;140,2
1070;140,2;140,2
1071;140,2;140,2
1072;140,2;140,2
1073;140,2;140,2
1074;139,5;139,5
1075;139,5;139,5
1076;139,5;139,5
1077;139,5;139,5
1078;139,5;139,5
1079;139,5;139,5
1080;139,5;139,5
1081;139,5;139,5
1082;139,2;139,2
1083;139,2;139,2
1084;138,8;138,8
1085;138,8;138,8
1086;138,8;138,8
1087;138,8;138,8
1088;138,8;138,8
1089;138,8;138,8
1090;138,4;138,4
1091;138,4;138,4
1092;138,4;138,4
1093;138,4;138,4
1094;138,4;138,4
1095;138,4;138,4
1096;138,4;138,4
1097;138,4;138,4
1098;137,7;137,7
1099;137,7;137,7
1100;138,4;138,4
1101;138,4;138,4
1102;137,7;137,7
1103;137,7;137,7
1104;137,4;137,4
1105;137,4;137,4
1106;137;137
1107;137;137
1108;137,4;137,4
1109;137,4;137,4
1110;136,7;136,7
1111;136,7;136,7
1112;136,7;136,7
1113;136,7;136,7
1114;136,7;136,7
1115;136,7;136,7
1116;136,7;136,7
1117;136,7;136,7
1118;136;136
1119;136;136
1120;136;136
1121;136;136
1122;136;136
1123;136;136
1124;135,6;135,6
1125;135,6;135,6
1126;135,2;135,2
1127;135,2;135,2
1128;136;136
1129;136;136
1130;135,2;135,2
1131;135,2;135,2
1132;135,2;135,2
1133;135,2;135,2
1134;134,9;134,9
1135;134,9;134,9
1136;134,9;134,9
1137;134,9;134,9
1138;134,2;134,2
1139;134,2;134,2
1140;134,2;134,2
1141;134,2;134,2
1142;134,2;134,2
1143;134,2;134,2
1144;134,2;134,2
1145;134,2;134,2
1146;134,2;134,2
1147;134,2;134,2
1148;134,2;134,2
1149;134,2;134,2
1150;133,5;133,5
1151;133,5;133,5
1152;133,5;133,5
1153;133,5;133,5
1154;133,5;133,5
1155;133,5;133,5
1156;133,5;133,5
1157;133,5;133,5
1158;133,5;133,5
1159;133,5;133,5
1160;133,5;133,5
1161;133,5;133,5
1162;133,5;133,5
1163;133,5;133,5
1164;133,5;133,5
1165;133,5;133,5
1166;133,5;133,5
1167;133,5;133,5
1168;133,1;133,1
1169;133,1;133,1
1170;132,8;132,8
1171;132,8;132,8
1172;132,4;132,4
1173;132,4;132,4
1174;132;132
1175;132;132
1176;132,1;132,1
1177;132,1;132,1
1178;132,1;132,1
1179;132,1;132,1
1180;132,1;132,1
1181;132,1;132,1
1182;131,7;131,7
1183;131,7;131,7
1184;131,7;131,7
1185;131,7;131,7
1186;131,4;131,4
1187;131,4;131,4
1188;131,4;131,4
1189;131,4;131,4
1190;130,7;130,7
1191;130,7;130,7
1192;130,7;130,7
1193;130,7;130,7
1194;130,7;130,7
1195;130,7;130,7
1196;130,7;130,7
1197;130,7;130,7
1198;130,3;130,3
1199;130,3;130,3
1200;130,3;130,3
1201;130,3;130,3
1202;129,9;129,9
1203;129,9;129,9
1204;129,9;129,9
1205;129,9;129,9
1206;129,9;129,9
1207;129,9;129,9
1208;129,9;129,9
1209;129,9;129,9
1210;129,6;129,6
1211;129,6;129,6
1212;129,2;129,2
1213;129,2;129,2
1214;129,6;129,6
1215;129,6;129,6
1216;128,9;128,9
1217;128,9;128,9
1218;129,2;129,2
1219;129,2;129,2
1220;128,9;128,9
1221;128,9;128,9
1222;128,5;128,5
1223;128,5;128,5
1224;128,1;128,1
1225;128,1;128,1
1226;128,2;128,2
1227;128,2;128,2
1228;128,2;128,2
1229;128,2;128,2
1230;128,2;128,2
1231;128,2;128,2
1232;128,2;128,2
1233;128,2;128,2
1234;127,5;127,5
1235;127,5;127,5
1236;127,8;127,8
1237;127,8;127,8
1238;127,5;127,5
1239;127,5;127,5
1240;127,1;127,1
1241;127,1;127,1
1242;127,1;127,1
1243;127,1;127,1
1244;127,1;127,1
1245;127,1;127,1
1246;126,8;126,8
1247;126,8;126,8
1248;126,8;126,8
1249;126,8;126,8
1250;126,4;126,4
1251;126,4;126,4
1252;126,4;126,4
1253;126,4;126,4
1254;126;126
1255;126;126
1256;126,4;126,4
1257;126,4;126,4
1258;125,7;125,7
1259;125,7;125,7
1260;126;126
1261;126;126
1262;125,3;125,3
1263;125,3;125,3
1264;125,3;125,3
1265;125,3;125,3
1266;125,7;125,7
1267;125,7;125,7
1268;125,3;125,3
1269;125,3;125,3
1270;125;125
1271;125;125
1272;125;125
1273;125;125
1274;125;125
1275;125;125
1276;124,6;124,6
1277;124,6;124,6
1278;124,3;124,3
1279;124,3;124,3
1280;124,6;124,6
1281;124,6;124,6
1282;124,3;124,3
1283;124,3;124,3
1284;124,3;124,3
1285;124,3;124,3
1286;123,6;123,6
1287;123,6;123,6
1288;123,6;123,6
1289;123,6;123,6
1290;123,6;123,6
1291;123,6;123,6
1292;123,9;123,9
1293;123,9;123,9
1294;123,6;123,6
1295;123,6;123,6
1296;122,9;122,9
1297;122,9;122,9
1298;123,2;123,2
1299;123,2;123,2
1300;122,9;122,9
1301;122,9;122,9
1302;122,9;122,9
1303;122,9;122,9
1304;122,9;122,9
1305;122,9;122,9
1306;122,9;122,9
1307;122,9;122,9
1308;122,5;122,5
1309;122,5;122,5
1310;122,5;122,5
1311;122,5;122,5
1312;122,5;122,5
1313;122,5;122,5
1314;122,2;122,2
1315;122,2;122,2
1316;122,5;122,5
1317;122,5;122,5
1318;121,8;121,8
1319;121,8;121,8
1320;121,5;121,5
1321;121,5;121,5
1322;121,1;121,1
1323;121,1;121,1
1324;121,5;121,5
1325;121,5;121,5
1326;121,1;121,1
1327;121,1;121,1
1328;121,1;121,1
1329;121,1;121,1
1330;121,1;121,1
1331;121,1;121,1
1332;121,1;121,1
1333;121,1;121,1
1334;121,1;121,1
1335;121,1;121,1
1336;121,1;121,1
1337;121,1;121,1
1338;121,1;121,1
1339;121,1;121,1
1340;120,4;120,4
1341;120,4;120,4
1342;120;120
1343;120;120
1344;120;120
1345;120;120
1346;120;120
1347;120;120
1348;119,7;119,7
1349;119,7;119,7
1350;120;120
1351;120;120
1352;120;120
1353;120;120
1354;119,3;119,3
1355;119,3;119,3
1356;119,3;119,3
1357;119,3;119,3
1358;119,3;119,3
1359;119,3;119,3
1360;119,3;119,3
1361;119,3;119,3
1362;119;119
1363;119;119
1364;119;119
1365;119;119
1366;119;119
1367;119;119
1368;119,3;119,3
1369;119,3;119,3
1370;119,3;119,3
1371;119,3;119,3
1372;118,3;118,3
1373;118,3;118,3
1374;118,3;118,3
1375;118,3;118,3
1376;118,3;118,3
1377;118,3;118,3
1378;117,9;117,9
1379;117,9;117,9
1380;117,9;117,9
1381;117,9;117,9
1382;117,6;117,6
1383;117,6;117,6
1384;117,6;117,6
1385;117,6;117,6
1386;117,2;117,2
1387;117,2;117,2
1388;117,6;117,6
1389;117,6;117,6
1390;117,2;117,2
1391;117,2;117,2
1392;117,2;117,2
1393;117,2;117,2
1394;117,2;117,2
1395;117,2;117,2
1396;116,5;116,5
1397;116,5;116,5
1398;117,2;117,2
1399;117,2;117,2
1400;116,5;116,5
1401;116,5;116,5
1402;116,5;116,5
1403;116,5;116,5
1404;116,2;116,2
1405;116,2;116,2
1406;115,8;115,8
1407;115,8;115,8
1408;115,8;115,8
1409;115,8;115,8
1410;115,8;115,8
1411;115,8;115,8
1412;115,8;115,8
1413;115,8;115,8
1414;115,8;115,8
1415;115,8;115,8
1416;115,8;115,8
1417;115,8;115,8
1418;115,5;115,5
1419;115,5;115,5
1420;114,8;114,8
1421;114,8;114,8
1422;115,1;115,1
1423;115,1;115,1
1424;115,1;115,1
1425;115,1;115,1
1426;114,8;114,8
1427;114,8;114,8
1428;114,8;114,8
1429;114,8;114,8
1430;114,4;114,4
1431;114,4;114,4
1432;114,4;114,4
1433;114,4;114,4
1434;114,1;114,1
1435;114,1;114,1
1436;114,1;114,1
1437;114,1;114,1
1438;114,1;114,1
1439;114,1;114,1
1440;114,1;114,1
1441;114,1;114,1
1442;113,7;113,7
1443;113,7;113,7
1444;113,7;113,7
1445;113,7;113,7
1446;113,4;113,4
1447;113,4;113,4
1448;113;113
1449;113;113
1450;112,7;112,7
1451;112,7;112,7
1452;113;113
1453;113;113
1454;112,3;112,3
1455;112,3;112,3
1456;112,3;112,3
1457;112,3;112,3
1458;112,3;112,3
1459;112,3;112,3
1460;112,3;112,3
1461;112,3;112,3
1462;112,3;112,3
1463;112,3;112,3
1464;112;112
1465;112;112
1466;112,3;112,3
1467;112,3;112,3
1468;112,3;112,3
1469;112,3;112,3
1470;112;112
1471;112;112
1472;112;112
1473;112;112
1474;111,3;111,3
1475;111,3;111,3
1476;112;112
1477;112;112
1478;111,3;111,3
1479;111,3;111,3
1480;111,3;111,3
1481;111,3;111,3
1482;111,3;111,3
1483;111,3;111,3
1484;111,3;111,3
1485;111,3;111,3
1486;110,9;110,9
1487;110,9;110,9
1488;110,6;110,6
1489;110,6;110,6
1490;110,6;110,6
1491;110,6;110,6
1492;110,6;110,6
1493;110,6;110,6
1494;110,6;110,6
1495;110,6;110,6
1496;110,6;110,6
1497;110,6;110,6
1498;110,6;110,6
1499;110,6;110,6
1500;110,6;110,6
1501;110,6;110,6
1502;109,9;109,9
1503;109,9;109,9
1504;109,9;109,9
1505;109,9;109,9
1506;109,5;109,5
1507;109,5;109,5
1508;109,5;109,5
1509;109,5;109,5
1510;109,5;109,5
1511;109,5;109,5
1512;109,5;109,5
1513;109,5;109,5
1514;109,2;109,2
1515;109,2;109,2
1516;109,2;109,2
1517;109,2;109,2
1518;108,8;108,8
1519;108,8;108,8
1520;108,8;108,8
1521;108,8;108,8
1522;108,8;108,8
1523;108,8;108,8
1524;108,8;108,8
1525;108,8;108,8
1526;108,5;108,5
1527;108,5;108,5
1528;108,5;108,5
1529;108,5;108,5
1530;108,5;108,5
1531;108,5;108,5
1532;108,1;108,1
1533;108,1;108,1
1534;107,8;107,8
1535;107,8;107,8
1536;108,1;108,1
1537;108,1;108,1
1538;107,8;107,8
1539;107,8;107,8
1540;107,8;107,8
1541;107,8;107,8
1542;107,8;107,8
1543;107,8;107,8
1544;107,4;107,4
1545;107,4;107,4
1546;107,4;107,4
1547;107,4;107,4
1548;107,4;107,4
1549;107,4;107,4
1550;107,1;107,1
1551;107,1;107,1
1552;107,4;107,4
1553;107,4;107,4
1554;107,1;107,1
1555;107,1;107,1
1556;107,1;107,1
1557;107,1;107,1
1558;106,7;106,7
1559;106,7;106,7
1560;106,7;106,7
1561;106,7;106,7
1562;106;106
1563;106;106
1564;106;106
1565;106;106
1566;106;106
1567;106;106
1568;106;106
1569;106;106
1570;105,7;105,7
1571;105,7;105,7
1572;106;106
1573;106;106
1574;105,7;105,7
1575;105,7;105,7
1576;105,7;105,7
1577;105,7;105,7
1578;105,3;105,3
1579;105,3;105,3
1580;105,3;105,3
1581;105,3;105,3
1582;105,3;105,3
1583;105,3;105,3
1584;105,3;105,3
1585;105,3;105,3
1586;105,3;105,3
1587;105,3;105,3
1588;105;105
1589;105;105
1590;105;105
1591;105;105
1592;105;105
1593;105;105
1594;104,6;104,6
1595;104,6;104,6
1596;105;105
1597;105;105
1598;104,3;104,3
1599;104,3;104,3
1600;105;105
1601;105;105
1602;104,3;104,3
1603;104,3;104,3
1604;104,3;104,3
1605;104,3;104,3
1606;103,9;103,9
1607;103,9;103,9
1608;104,3;104,3
1609;104,3;104,3
1610;103,9;103,9
1611;103,9;103,9
1612;103,9;103,9
1613;103,9;103,9
1614;103,9;103,9
1615;103,9;103,9
1616;103,9;103,9
1617;103,9;103,9
1618;103,6;103,6
1619;103,6;103,6
1620;103,6;103,6
1621;103,6;103,6
1622;103,2;103,2
1623;103,2;103,2
1624;103,2;103,2
1625;103,2;103,2
1626;103,2;103,2
1627;103,2;103,2
1628;102,9;102,9
1629;102,9;102,9
1630;102,5;102,5
1631;102,5;102,5
1632;102,5;102,5
1633;102,5;102,5
1634;102,5;102,5
1635;102,5;102,5
1636;102,2;102,2
1637;102,2;102,2
1638;102,2;102,2
1639;102,2;102,2
1640;102,5;102,5
1641;102,5;102,5
1642;102,2;102,2
1643;102,2;102,2
1644;101,8;101,8
1645;101,8;101,8
1646;101,8;101,8
1647;101,8;101,8
1648;102,2;102,2
1649;102,2;102,2
1650;101,8;101,8
1651;101,8;101,8
1652;102,2;102,2
1653;102,2;102,2
1654;101,5;101,5
1655;101,5;101,5
1656;101,5;101,5
1657;101,5;101,5
1658;101,8;101,8
1659;101,8;101,8
1660;101,5;101,5
1661;101,5;101,5
1662;101,5;101,5
1663;101,5;101,5
1664;100,8;100,8
1665;100,8;100,8
1666;100,8;100,8
1667;100,8;100,8
1668;100,8;100,8
1669;100,8;100,8
1670;100,4;100,4
1671;100,4;100,4
1672;100,8;100,8
1673;100,8;100,8
1674;100,1;100,1
1675;100,1;100,1
1676;100,1;100,1
1677;100,1;100,1
1678;100,1;100,1
1679;100,1;100,1
1680;100,1;100,1
1681;100,1;100,1
1682;100,1;100,1
1683;100,1;100,1
1684;99,7;99,7
1685;99,7;99,7
1686;99,7;99,7
1687;99,7;99,7
1688;99,7;99,7
1689;99,7;99,7
1690;99,4;99,4
1691;99,4;99,4
1692;99;99
1693;99;99
1694;99;99
1695;99;99
1696;99;99
1697;99;99
1698;99;99
1699;99;99
1700;99;99
1701;99;99
1702;98,7;98,7
1703;98,7;98,7
1704;98,7;98,7
1705;98,7;98,7
1706;98,7;98,7
1707;98,7;98,7
1708;98,7;98,7
1709;98,7;98,7
1710;98,3;98,3
1711;98,3;98,3
1712;98,3;98,3
1713;98,3;98,3
1714;98,3;98,3
1715;98,3;98,3
1716;98;98
1717;98;98
1718;98;98
1719;98;98
1720;98,3;98,3
1721;98,3;98,3
1722;98;98
1723;98;98
1724;98,3;98,3
1725;98,3;98,3
1726;97,3;97,3
1727;97,3;97,3
1728;97,6;97,6
1729;97,6;97,6
1730;97,3;97,3
1731;97,3;97,3
1732;97,3;97,3
1733;97,3;97,3
1734;97,3;97,3
1735;97,3;97,3
1736;96,9;96,9
1737;96,9;96,9
1738;96,9;96,9
1739;96,9;96,9
1740;97;97
1741;97;97
1742;96,6;96,6
1743;96,6;96,6
1744;97;97
1745;97;97
1746;96,6;96,6
1747;96,6;96,6
